company,title,location,posted_at,url
HelloFresh,Junior Recipe Developer,"Sydney, New South Wales, Australia",2025-08-17 17:20:50,https://careers.hellofresh.com/global/en/job/7171061?gh_jid=7171061
HelloFresh,Senior Finance Analyst,"London, England, United Kingdom",2025-08-16 00:09:17,https://careers.hellofresh.com/global/en/job/7131879?gh_jid=7131879
HelloFresh,Junior IT Engineer,"Brisbane, Queensland, Australia",2025-08-15 01:09:19,https://careers.hellofresh.com/global/en/job/7142197?gh_jid=7142197
HelloFresh,Safety Coordinator ,"Aurora, IL, United States",2025-08-14 14:47:38,https://careers.hellofresh.com/global/en/job/7170718?gh_jid=7170718
HelloFresh,"Refrigeration Tech, Lake Zurich, IL","Lake Zurich, Illinois, United States",2025-08-14 13:19:55,https://careers.hellofresh.com/global/en/job/7131817?gh_jid=7131817
Khan Academy,"Sr. Fullstack Engineer I, Districts Platform (International) (24 months fixed-term)","Mountain View, CA / Remote friendly (Continental US + Hawaii Only)",2025-08-14 11:18:34,https://job-boards.greenhouse.io/khanacademy/jobs/7077660
HelloFresh,Junior Engineer - Nights,"Derby, England, United Kingdom",2025-08-14 07:30:45,https://careers.hellofresh.com/global/en/job/7154504?gh_jid=7154504
HelloFresh,Fleet Performance Analysis Internship,"Amsterdam, North Holland, Netherlands",2025-08-14 06:54:40,https://careers.hellofresh.com/global/en/job/7160345?gh_jid=7160345
HelloFresh,Junior Maintenance Engineer,"Derby, England, United Kingdom",2025-08-14 04:10:07,https://careers.hellofresh.com/global/en/job/7154502?gh_jid=7154502
HelloFresh,"Intern, Executive Analytics & Tools","New York, New York, United States",2025-08-13 14:29:55,https://careers.hellofresh.com/global/en/job/7060357?gh_jid=7060357
Reddit,"Senior Staff Machine Learning Engineer, Ads Measurement ",Remote - United States,2025-08-13 12:39:04,https://job-boards.greenhouse.io/reddit/jobs/6874361
Reddit,"Senior Staff Machine Learning Engineer, Ads Measurement",Remote - United States,2025-08-13 12:39:04,https://job-boards.greenhouse.io/reddit/jobs/6499299
Dropbox,"Senior Backend Product Software Engineer, Reclaim",Remote - US: Select locations,2025-08-13 09:03:13,https://jobs.dropbox.com/listing/7140775?gh_jid=7140775
Dropbox,"Senior Backend Product Software Engineer, Reclaim",Remote - Canada: Select locations,2025-08-13 09:01:14,https://jobs.dropbox.com/listing/7140778?gh_jid=7140778
Dropbox,"Backend Product Software Engineer, Reclaim",Remote - Canada: Select locations,2025-08-13 09:00:43,https://jobs.dropbox.com/listing/7140764?gh_jid=7140764
Dropbox,"Backend Product Software Engineer, Reclaim",Remote - US: Select locations,2025-08-13 09:00:42,https://jobs.dropbox.com/listing/7140761?gh_jid=7140761
HelloFresh,Digital Operations Assistant,"Sydney, New South Wales, Australia",2025-08-13 02:25:18,https://careers.hellofresh.com/global/en/job/7109825?gh_jid=7109825
HelloFresh,Jr. Recipe Editor (Swedish speaking),"København, Capital RegionDenmark, Denmark",2025-08-13 02:25:18,https://careers.hellofresh.com/global/en/job/7115383?gh_jid=7115383
HelloFresh,Junior Operational Excellence Engineer,"Derby, England, United Kingdom",2025-08-13 02:25:18,https://careers.hellofresh.com/global/en/job/6573101?gh_jid=6573101
HelloFresh,"People Systems Functional Manager (Workday), Global Operations Tech Alliance (m/f/x)","Berlin, Berlin, Germany",2025-08-13 02:25:18,https://careers.hellofresh.com/global/en/job/6747967?gh_jid=6747967
HelloFresh,Safety Coordinator ,"Burr Ridge, IL, United States",2025-08-13 02:25:18,https://careers.hellofresh.com/global/en/job/7155408?gh_jid=7155408
HelloFresh,Warehouse Lead,"Portland, OR, United States",2025-08-13 02:25:18,https://careers.hellofresh.com/global/en/job/7096512?gh_jid=7096512
HelloFresh,Warehouse Lead,"Ft. Lauderdale, FL, United States",2025-08-13 02:25:18,https://careers.hellofresh.com/global/en/job/7140139?gh_jid=7140139
HelloFresh,Staff Product Manager [TAM] (m/f/x),"Berlin, Berlin, Germany",2025-08-13 02:25:18,https://careers.hellofresh.com/global/en/job/7158752?gh_jid=7158752
HelloFresh,"Senior People Workday Analyst, (m,f,x)","Berlin, Berlin, Germany",2025-08-13 02:25:18,https://careers.hellofresh.com/global/en/job/7111053?gh_jid=7111053
HelloFresh,"Senior Data Scientist, MarTech Alliance (f/m/x) ","Berlin, Berlin, Germany",2025-08-13 02:25:18,https://careers.hellofresh.com/global/en/job/6841136?gh_jid=6841136
HelloFresh,"React Native Engineer, Consumer Services Alliance (m/f/x)","Wrocław, Lower Silesian Voivodeship, Poland",2025-08-13 02:25:18,https://careers.hellofresh.com/global/en/job/6944988?gh_jid=6944988
HelloFresh,Safety Coordinator,"Goodyear, AZ, United States",2025-08-13 02:25:18,https://careers.hellofresh.com/global/en/job/7060265?gh_jid=7060265
HelloFresh,Safety Coordinator,"Phoenix, AZ, United States",2025-08-13 02:25:18,https://careers.hellofresh.com/global/en/job/6983860?gh_jid=6983860
HelloFresh,Reliability Engineer - Nights,"Derby, England, United Kingdom",2025-08-13 02:25:18,https://careers.hellofresh.com/global/en/job/6787890?gh_jid=6787890
HelloFresh,Refrigeration Technician ,"Newark, NJ, United States",2025-08-13 02:25:18,https://careers.hellofresh.com/global/en/job/6925637?gh_jid=6925637
HelloFresh,AGF Keurmeester,"Bleiswijk, South Holland, Netherlands",2025-08-13 02:25:18,https://careers.hellofresh.com/global/en/job/7073274?gh_jid=7073274
HelloFresh,"Area Manager I, Shipping","Goodyear, AZ, United States",2025-08-13 02:25:18,https://careers.hellofresh.com/global/en/job/7104029?gh_jid=7104029
HelloFresh,"Area Manager, Return to Inventory","Phoenix, AZ, United States",2025-08-13 02:25:18,https://careers.hellofresh.com/global/en/job/6674175?gh_jid=6674175
HelloFresh,Automation Engineer - Nights,"Derby, England, United Kingdom",2025-08-13 02:25:18,https://careers.hellofresh.com/global/en/job/6484478?gh_jid=6484478
HelloFresh,"Category Manager, HelloFresh Market","Boulder, Colorado, United States; Chicago, Illinois, United States; New York, NY, United States",2025-08-13 02:25:18,https://careers.hellofresh.com/global/en/job/7133946?gh_jid=7133946
Reddit,Senior Analytics Engineer - Trust & Safety,Remote - United States,2025-08-12 17:38:57,https://job-boards.greenhouse.io/reddit/jobs/7159210
Reddit,"Senior Machine Learning Engineer, LS Embeddings ",Remote - United States,2025-08-12 17:31:36,https://job-boards.greenhouse.io/reddit/jobs/7050948
Reddit,Senior Machine Learning Engineer - Notifications Relevance ,Remote - United States,2025-08-12 17:30:56,https://job-boards.greenhouse.io/reddit/jobs/7031985
Reddit,"Staff Software Engineer, Ads Creative",Remote - United States,2025-08-12 17:23:32,https://job-boards.greenhouse.io/reddit/jobs/6878929
Reddit,"Senior Machine Learning Engineer, Dev Platform Data and Discovery",Remote - United States,2025-08-12 17:22:55,https://job-boards.greenhouse.io/reddit/jobs/6851603
Reddit,"Senior Staff Machine Learning Engineer, Ads Targeting",Remote - United States,2025-08-12 17:21:36,https://job-boards.greenhouse.io/reddit/jobs/6778794
Reddit,"Staff Data Scientist, Consumer",Remote - United States,2025-08-12 17:21:07,https://job-boards.greenhouse.io/reddit/jobs/6745284
Reddit,"Staff Machine Learning Engineer, Ads Measurement ","Remote - Ontario, Canada",2025-08-12 17:18:47,https://job-boards.greenhouse.io/reddit/jobs/6918152
Reddit,"Staff Machine Learning Engineer, Ads Measurement ",Remote - United States,2025-08-12 17:18:47,https://job-boards.greenhouse.io/reddit/jobs/6838679
Reddit,"Senior Data Scientist, Consumer",Remote - United States,2025-08-12 17:15:16,https://job-boards.greenhouse.io/reddit/jobs/5936181
Dropbox,"Staff Infrastructure Software Engineer, Dropbox Dash",Remote - Denmark,2025-08-12 11:57:42,https://jobs.dropbox.com/listing/7156640?gh_jid=7156640
Dropbox,"Senior Infrastructure Software Engineer, Dropbox Dash",Remote - Denmark,2025-08-11 12:09:54,https://jobs.dropbox.com/listing/7156641?gh_jid=7156641
Dropbox,"Staff Infrastructure Software Engineer, Connector Platform",Remote - Poland,2025-08-09 10:33:54,https://jobs.dropbox.com/listing/7121553?gh_jid=7121553
Dropbox,Full Stack Product Software Engineer,Remote - Poland,2025-08-08 13:47:09,https://jobs.dropbox.com/listing/6449729?gh_jid=6449729
Dropbox,"Full Stack Software Engineer, Dropbox Sign",Remote - Poland,2025-08-08 13:47:09,https://jobs.dropbox.com/listing/6535000?gh_jid=6535000
Dropbox,"Principal Software Engineer, Dash",Remote - Poland,2025-08-08 13:47:09,https://jobs.dropbox.com/listing/7121154?gh_jid=7121154
Dropbox,"Security Engineer, Vulnerability Management ","Remote - Mexico City, Mexico",2025-08-08 13:47:09,https://jobs.dropbox.com/listing/7087104?gh_jid=7087104
Dropbox,Senior Android Software Engineer,Remote - US: Select locations,2025-08-08 13:47:09,https://jobs.dropbox.com/listing/6936162?gh_jid=6936162
Dropbox,Senior Android Software Engineer,Remote - Canada: Select locations,2025-08-08 13:47:09,https://jobs.dropbox.com/listing/6936165?gh_jid=6936165
Dropbox,Senior Backend Product Software Engineer,Remote - Poland,2025-08-08 13:47:09,https://jobs.dropbox.com/listing/6330333?gh_jid=6330333
Dropbox,"Senior Backend Product Software Engineer, Bridge FSS & Dash",Remote - US: Select locations,2025-08-08 13:47:09,https://jobs.dropbox.com/listing/6936183?gh_jid=6936183
Dropbox,"Senior Backend Product Software Engineer, Bridge FSS & Dash",Remote - Canada: Select locations,2025-08-08 13:47:09,https://jobs.dropbox.com/listing/6936186?gh_jid=6936186
Dropbox,Senior Full Stack Product Software Engineer,Remote - Poland,2025-08-08 13:47:09,https://jobs.dropbox.com/listing/6449719?gh_jid=6449719
Dropbox,"Senior Full Stack Software Engineer, Dropbox Sign",Remote - Poland,2025-08-08 13:47:09,https://jobs.dropbox.com/listing/6534984?gh_jid=6534984
Dropbox,"Senior Infrastructure Software Engineer, Build Toolchains",Remote - US: All locations,2025-08-08 13:47:09,https://jobs.dropbox.com/listing/6819195?gh_jid=6819195
Dropbox,"Senior Infrastructure Software Engineer, Build Toolchains",Remote - Canada: Select locations,2025-08-08 13:47:09,https://jobs.dropbox.com/listing/6819199?gh_jid=6819199
Dropbox,"Staff Data Engineer, Revenue & Growth Data",Remote - Poland,2025-08-08 13:47:09,https://jobs.dropbox.com/listing/6563316?gh_jid=6563316
Dropbox,Senior iOS Software Engineer,Remote - US: Select locations,2025-08-08 13:47:09,https://jobs.dropbox.com/listing/6936176?gh_jid=6936176
Dropbox,Senior iOS Software Engineer,Remote - Canada: Select locations,2025-08-08 13:47:09,https://jobs.dropbox.com/listing/6936179?gh_jid=6936179
Duolingo,Senior iOS Software Engineer,"New York, NY",2025-08-06 09:02:42,https://careers.duolingo.com/jobs/6876719002?gh_jid=6876719002
Duolingo,Senior iOS Software Engineer,"Pittsburgh, PA",2025-08-06 09:02:25,https://careers.duolingo.com/jobs/6876635002?gh_jid=6876635002
Discord,"Senior Data Scientist, Analytics - Ads Product and GTM",San Francisco Bay Area,2025-08-01 12:09:09,https://job-boards.greenhouse.io/discord/jobs/8096577002
Spotify,"Machine Learning Engineer, Personalization","New York, NY",2025-07-22 17:19:21.208000,https://jobs.lever.co/spotify/98128e96-330e-47d9-88bb-55a96b126f42
Spotify,Associate Machine Learning Engineer,"New York, NY",2025-07-22 17:14:34.797000,https://jobs.lever.co/spotify/21c24edb-f625-4895-ad23-5a6320d54813
Discord,Senior Threat Operations Specialist,Australia,2025-07-22 13:51:32,https://job-boards.greenhouse.io/discord/jobs/8073357002
Discord,Senior Threat Operations Specialist,"San Francisco, CA",2025-07-22 13:50:19,https://job-boards.greenhouse.io/discord/jobs/8073359002
Discord,"Senior Software Engineer, Data Platform",San Francisco Bay Area,2025-07-16 11:16:51,https://job-boards.greenhouse.io/discord/jobs/8005871002
Spotify,"Analyst, Advertising Finance","New York, NY",2025-07-02 18:56:37.056000,https://jobs.lever.co/spotify/173b8ab0-6b20-4154-b0af-6d18a7f0302a
Khan Academy,Join our Content talent community! ,Remote,2025-05-20 14:41:06,https://job-boards.greenhouse.io/khanacademy/jobs/6258532
Khan Academy,Chief of Staff,Delhi NCR,2025-05-19 23:46:01,https://job-boards.greenhouse.io/khanacademy/jobs/6899303
